{
    "age": [
        1000000,
        1000000,
        1000000,
        1000000,
        1000000,
        1000000,
        1000000,
        1000000,
        1000000,
        10000000,
        10000000,
        10000000,
        10000000,
        10000000,
        10000000,
        10000000,
        10000000,
        10000000,
        19952623.1496888,
        19952623.1496888,
        19952623.1496888,
        19952623.1496888,
        19952623.1496888,
        19952623.1496888,
        19952623.1496888,
        19952623.1496888,
        19952623.1496888
    ],
    "U": [
        -4.5,
        -4.5,
        -4.5,
        -4.0,
        -4.0,
        -4.0,
        -3.5,
        -3.5,
        -3.5,
        -4.5,
        -4.5,
        -4.5,
        -4.0,
        -4.0,
        -4.0,
        -3.5,
        -3.5,
        -3.5,
        -4.5,
        -4.5,
        -4.5,
        -4.0,
        -4.0,
        -4.0,
        -3.5,
        -3.5,
        -3.5
    ],
    "nh": [
        2.0,
        3.0,
        4.0,
        2.0,
        3.0,
        4.0,
        2.0,
        3.0,
        4.0,
        2.0,
        3.0,
        4.0,
        2.0,
        3.0,
        4.0,
        2.0,
        3.0,
        4.0,
        2.0,
        3.0,
        4.0,
        2.0,
        3.0,
        4.0,
        2.0,
        3.0,
        4.0
    ],
    "Z": [
        -1.69897000433602,
        -1.69897000433602,
        -1.69897000433602,
        -1.69897000433602,
        -1.69897000433602,
        -1.69897000433602,
        -1.69897000433602,
        -1.69897000433602,
        -1.69897000433602,
        -1.69897000433602,
        -1.69897000433602,
        -1.69897000433602,
        -1.69897000433602,
        -1.69897000433602,
        -1.69897000433602,
        -1.69897000433602,
        -1.69897000433602,
        -1.69897000433602,
        -1.69897000433602,
        -1.69897000433602,
        -1.69897000433602,
        -1.69897000433602,
        -1.69897000433602,
        -1.69897000433602,
        -1.69897000433602,
        -1.69897000433602,
        -1.69897000433602
    ],
    "cov": [
        0.3,
        0.3,
        0.3,
        0.3,
        0.3,
        0.3,
        0.3,
        0.3,
        0.3,
        0.3,
        0.3,
        0.3,
        0.3,
        0.3,
        0.3,
        0.3,
        0.3,
        0.3,
        0.3,
        0.3,
        0.3,
        0.3,
        0.3,
        0.3,
        0.3,
        0.3,
        0.3
    ],
    "NH": [
        21.0,
        21.0,
        21.0,
        21.0,
        21.0,
        21.0,
        21.0,
        21.0,
        21.0,
        21.0,
        21.0,
        21.0,
        21.0,
        21.0,
        21.0,
        21.0,
        21.0,
        21.0,
        21.0,
        21.0,
        21.0,
        21.0,
        21.0,
        21.0,
        21.0,
        21.0,
        21.0
    ],
    "intensity": [
        6.9512e-08,
        6.9224e-07,
        6.7289e-06,
        1.3907e-07,
        1.3772e-06,
        1.3212e-05,
        2.6513e-07,
        2.6067e-06,
        2.4614e-05,
        9.0136e-08,
        9.0183e-07,
        8.8623e-06,
        2.8362e-07,
        2.834e-06,
        2.7726e-05,
        9.1089e-07,
        9.0983e-06,
        8.8914e-05,
        8.1742e-08,
        8.1881e-07,
        8.0614e-06,
        2.6759e-07,
        2.6773e-06,
        2.626e-05,
        8.7147e-07,
        8.7186e-06,
        8.5502e-05
    ]
}