{
    "age": [
        1000000,
        1000000,
        1000000,
        1000000,
        1000000,
        1000000,
        1000000,
        1000000,
        1000000,
        10000000,
        10000000,
        10000000,
        10000000,
        10000000,
        10000000,
        10000000,
        10000000,
        10000000,
        19952623.1496888,
        19952623.1496888,
        19952623.1496888,
        19952623.1496888,
        19952623.1496888,
        19952623.1496888,
        19952623.1496888,
        19952623.1496888,
        19952623.1496888
    ],
    "U": [
        -4.5,
        -4.5,
        -4.5,
        -4.0,
        -4.0,
        -4.0,
        -3.5,
        -3.5,
        -3.5,
        -4.5,
        -4.5,
        -4.5,
        -4.0,
        -4.0,
        -4.0,
        -3.5,
        -3.5,
        -3.5,
        -4.5,
        -4.5,
        -4.5,
        -4.0,
        -4.0,
        -4.0,
        -3.5,
        -3.5,
        -3.5
    ],
    "nh": [
        2.0,
        3.0,
        4.0,
        2.0,
        3.0,
        4.0,
        2.0,
        3.0,
        4.0,
        2.0,
        3.0,
        4.0,
        2.0,
        3.0,
        4.0,
        2.0,
        3.0,
        4.0,
        2.0,
        3.0,
        4.0,
        2.0,
        3.0,
        4.0,
        2.0,
        3.0,
        4.0
    ],
    "Z": [
        -1.69897000433602,
        -1.69897000433602,
        -1.69897000433602,
        -1.69897000433602,
        -1.69897000433602,
        -1.69897000433602,
        -1.69897000433602,
        -1.69897000433602,
        -1.69897000433602,
        -1.69897000433602,
        -1.69897000433602,
        -1.69897000433602,
        -1.69897000433602,
        -1.69897000433602,
        -1.69897000433602,
        -1.69897000433602,
        -1.69897000433602,
        -1.69897000433602,
        -1.69897000433602,
        -1.69897000433602,
        -1.69897000433602,
        -1.69897000433602,
        -1.69897000433602,
        -1.69897000433602,
        -1.69897000433602,
        -1.69897000433602,
        -1.69897000433602
    ],
    "cov": [
        0.3,
        0.3,
        0.3,
        0.3,
        0.3,
        0.3,
        0.3,
        0.3,
        0.3,
        0.3,
        0.3,
        0.3,
        0.3,
        0.3,
        0.3,
        0.3,
        0.3,
        0.3,
        0.3,
        0.3,
        0.3,
        0.3,
        0.3,
        0.3,
        0.3,
        0.3,
        0.3
    ],
    "NH": [
        21.0,
        21.0,
        21.0,
        21.0,
        21.0,
        21.0,
        21.0,
        21.0,
        21.0,
        21.0,
        21.0,
        21.0,
        21.0,
        21.0,
        21.0,
        21.0,
        21.0,
        21.0,
        21.0,
        21.0,
        21.0,
        21.0,
        21.0,
        21.0,
        21.0,
        21.0,
        21.0
    ],
    "intensity": [
        5.3664e-08,
        1.2316e-07,
        1.4434e-07,
        1.6291e-07,
        3.4131e-07,
        3.9119e-07,
        4.8686e-07,
        9.8211e-07,
        1.1108e-06,
        4.9796e-08,
        1.3365e-07,
        1.9691e-07,
        1.6268e-07,
        3.8439e-07,
        4.928e-07,
        5.3433e-07,
        1.1513e-06,
        1.3432e-06,
        5.3034e-08,
        1.5197e-07,
        2.2139e-07,
        1.691e-07,
        3.9548e-07,
        4.921e-07,
        5.4857e-07,
        1.1373e-06,
        1.325e-06
    ]
}