{
    "age": [
        1000000,
        1000000,
        1000000,
        1000000,
        1000000,
        1000000,
        1000000,
        1000000,
        1000000,
        10000000,
        10000000,
        10000000,
        10000000,
        10000000,
        10000000,
        10000000,
        10000000,
        10000000,
        19952623.1496888,
        19952623.1496888,
        19952623.1496888,
        19952623.1496888,
        19952623.1496888,
        19952623.1496888,
        19952623.1496888,
        19952623.1496888,
        19952623.1496888
    ],
    "U": [
        -4.5,
        -4.5,
        -4.5,
        -4.0,
        -4.0,
        -4.0,
        -3.5,
        -3.5,
        -3.5,
        -4.5,
        -4.5,
        -4.5,
        -4.0,
        -4.0,
        -4.0,
        -3.5,
        -3.5,
        -3.5,
        -4.5,
        -4.5,
        -4.5,
        -4.0,
        -4.0,
        -4.0,
        -3.5,
        -3.5,
        -3.5
    ],
    "nh": [
        2.0,
        3.0,
        4.0,
        2.0,
        3.0,
        4.0,
        2.0,
        3.0,
        4.0,
        2.0,
        3.0,
        4.0,
        2.0,
        3.0,
        4.0,
        2.0,
        3.0,
        4.0,
        2.0,
        3.0,
        4.0,
        2.0,
        3.0,
        4.0,
        2.0,
        3.0,
        4.0
    ],
    "Z": [
        -1.69897000433602,
        -1.69897000433602,
        -1.69897000433602,
        -1.69897000433602,
        -1.69897000433602,
        -1.69897000433602,
        -1.69897000433602,
        -1.69897000433602,
        -1.69897000433602,
        -1.69897000433602,
        -1.69897000433602,
        -1.69897000433602,
        -1.69897000433602,
        -1.69897000433602,
        -1.69897000433602,
        -1.69897000433602,
        -1.69897000433602,
        -1.69897000433602,
        -1.69897000433602,
        -1.69897000433602,
        -1.69897000433602,
        -1.69897000433602,
        -1.69897000433602,
        -1.69897000433602,
        -1.69897000433602,
        -1.69897000433602,
        -1.69897000433602
    ],
    "cov": [
        0.3,
        0.3,
        0.3,
        0.3,
        0.3,
        0.3,
        0.3,
        0.3,
        0.3,
        0.3,
        0.3,
        0.3,
        0.3,
        0.3,
        0.3,
        0.3,
        0.3,
        0.3,
        0.3,
        0.3,
        0.3,
        0.3,
        0.3,
        0.3,
        0.3,
        0.3,
        0.3
    ],
    "NH": [
        21.0,
        21.0,
        21.0,
        21.0,
        21.0,
        21.0,
        21.0,
        21.0,
        21.0,
        21.0,
        21.0,
        21.0,
        21.0,
        21.0,
        21.0,
        21.0,
        21.0,
        21.0,
        21.0,
        21.0,
        21.0,
        21.0,
        21.0,
        21.0,
        21.0,
        21.0,
        21.0
    ],
    "intensity": [
        3.9115e-10,
        1.0376e-09,
        8.4598e-10,
        9.8715e-09,
        2.4836e-08,
        1.9924e-08,
        2.6774e-07,
        6.7008e-07,
        5.3577e-07,
        3.0968e-13,
        8.1813e-13,
        6.6492e-13,
        3.471e-12,
        8.9244e-12,
        7.1904e-12,
        2.1944e-11,
        5.6837e-11,
        4.6548e-11,
        2.3555e-16,
        1.073e-16,
        4.3748e-17,
        1.0212e-15,
        7.1021e-16,
        4.1755e-16,
        4.4497e-15,
        3.5377e-15,
        2.2211e-15
    ]
}