{
    "age": [
        1000000,
        1000000,
        1000000,
        1000000,
        1000000,
        1000000,
        1000000,
        1000000,
        1000000,
        10000000,
        10000000,
        10000000,
        10000000,
        10000000,
        10000000,
        10000000,
        10000000,
        10000000,
        19952623.1496888,
        19952623.1496888,
        19952623.1496888,
        19952623.1496888,
        19952623.1496888,
        19952623.1496888,
        19952623.1496888,
        19952623.1496888,
        19952623.1496888
    ],
    "U": [
        -4.5,
        -4.5,
        -4.5,
        -4.0,
        -4.0,
        -4.0,
        -3.5,
        -3.5,
        -3.5,
        -4.5,
        -4.5,
        -4.5,
        -4.0,
        -4.0,
        -4.0,
        -3.5,
        -3.5,
        -3.5,
        -4.5,
        -4.5,
        -4.5,
        -4.0,
        -4.0,
        -4.0,
        -3.5,
        -3.5,
        -3.5
    ],
    "nh": [
        2.0,
        3.0,
        4.0,
        2.0,
        3.0,
        4.0,
        2.0,
        3.0,
        4.0,
        2.0,
        3.0,
        4.0,
        2.0,
        3.0,
        4.0,
        2.0,
        3.0,
        4.0,
        2.0,
        3.0,
        4.0,
        2.0,
        3.0,
        4.0,
        2.0,
        3.0,
        4.0
    ],
    "Z": [
        -1.69897000433602,
        -1.69897000433602,
        -1.69897000433602,
        -1.69897000433602,
        -1.69897000433602,
        -1.69897000433602,
        -1.69897000433602,
        -1.69897000433602,
        -1.69897000433602,
        -1.69897000433602,
        -1.69897000433602,
        -1.69897000433602,
        -1.69897000433602,
        -1.69897000433602,
        -1.69897000433602,
        -1.69897000433602,
        -1.69897000433602,
        -1.69897000433602,
        -1.69897000433602,
        -1.69897000433602,
        -1.69897000433602,
        -1.69897000433602,
        -1.69897000433602,
        -1.69897000433602,
        -1.69897000433602,
        -1.69897000433602,
        -1.69897000433602
    ],
    "cov": [
        0.3,
        0.3,
        0.3,
        0.3,
        0.3,
        0.3,
        0.3,
        0.3,
        0.3,
        0.3,
        0.3,
        0.3,
        0.3,
        0.3,
        0.3,
        0.3,
        0.3,
        0.3,
        0.3,
        0.3,
        0.3,
        0.3,
        0.3,
        0.3,
        0.3,
        0.3,
        0.3
    ],
    "NH": [
        21.0,
        21.0,
        21.0,
        21.0,
        21.0,
        21.0,
        21.0,
        21.0,
        21.0,
        21.0,
        21.0,
        21.0,
        21.0,
        21.0,
        21.0,
        21.0,
        21.0,
        21.0,
        21.0,
        21.0,
        21.0,
        21.0,
        21.0,
        21.0,
        21.0,
        21.0,
        21.0
    ],
    "intensity": [
        0.0,
        0.0,
        0.0,
        0.0,
        0.0,
        0.0,
        5.5489e-12,
        4.3766e-11,
        1.41e-10,
        0.0,
        0.0,
        0.0,
        0.0,
        0.0,
        0.0,
        0.0,
        0.0,
        0.0,
        0.0,
        0.0,
        0.0,
        0.0,
        0.0,
        0.0,
        0.0,
        0.0,
        0.0
    ]
}