{
    "age": [
        1000000,
        1000000,
        1000000,
        1000000,
        1000000,
        1000000,
        1000000,
        1000000,
        1000000,
        10000000,
        10000000,
        10000000,
        10000000,
        10000000,
        10000000,
        10000000,
        10000000,
        10000000,
        19952623.1496888,
        19952623.1496888,
        19952623.1496888,
        19952623.1496888,
        19952623.1496888,
        19952623.1496888,
        19952623.1496888,
        19952623.1496888,
        19952623.1496888
    ],
    "U": [
        -4.5,
        -4.5,
        -4.5,
        -4.0,
        -4.0,
        -4.0,
        -3.5,
        -3.5,
        -3.5,
        -4.5,
        -4.5,
        -4.5,
        -4.0,
        -4.0,
        -4.0,
        -3.5,
        -3.5,
        -3.5,
        -4.5,
        -4.5,
        -4.5,
        -4.0,
        -4.0,
        -4.0,
        -3.5,
        -3.5,
        -3.5
    ],
    "nh": [
        2.0,
        3.0,
        4.0,
        2.0,
        3.0,
        4.0,
        2.0,
        3.0,
        4.0,
        2.0,
        3.0,
        4.0,
        2.0,
        3.0,
        4.0,
        2.0,
        3.0,
        4.0,
        2.0,
        3.0,
        4.0,
        2.0,
        3.0,
        4.0,
        2.0,
        3.0,
        4.0
    ],
    "Z": [
        -1.69897000433602,
        -1.69897000433602,
        -1.69897000433602,
        -1.69897000433602,
        -1.69897000433602,
        -1.69897000433602,
        -1.69897000433602,
        -1.69897000433602,
        -1.69897000433602,
        -1.69897000433602,
        -1.69897000433602,
        -1.69897000433602,
        -1.69897000433602,
        -1.69897000433602,
        -1.69897000433602,
        -1.69897000433602,
        -1.69897000433602,
        -1.69897000433602,
        -1.69897000433602,
        -1.69897000433602,
        -1.69897000433602,
        -1.69897000433602,
        -1.69897000433602,
        -1.69897000433602,
        -1.69897000433602,
        -1.69897000433602,
        -1.69897000433602
    ],
    "cov": [
        0.3,
        0.3,
        0.3,
        0.3,
        0.3,
        0.3,
        0.3,
        0.3,
        0.3,
        0.3,
        0.3,
        0.3,
        0.3,
        0.3,
        0.3,
        0.3,
        0.3,
        0.3,
        0.3,
        0.3,
        0.3,
        0.3,
        0.3,
        0.3,
        0.3,
        0.3,
        0.3
    ],
    "NH": [
        21.0,
        21.0,
        21.0,
        21.0,
        21.0,
        21.0,
        21.0,
        21.0,
        21.0,
        21.0,
        21.0,
        21.0,
        21.0,
        21.0,
        21.0,
        21.0,
        21.0,
        21.0,
        21.0,
        21.0,
        21.0,
        21.0,
        21.0,
        21.0,
        21.0,
        21.0,
        21.0
    ],
    "intensity": [
        7.844e-12,
        7.475e-11,
        5.003e-10,
        4.0851e-10,
        3.8837e-09,
        2.5473e-08,
        1.7839e-08,
        1.6951e-07,
        1.1125e-06,
        0.0,
        0.0,
        0.0,
        0.0,
        0.0,
        0.0,
        0.0,
        0.0,
        0.0,
        0.0,
        0.0,
        0.0,
        0.0,
        0.0,
        0.0,
        0.0,
        0.0,
        0.0
    ]
}